City,Latitude,Longitude,Max Temp,Humidity,Cloudiness,Wind Speed,Country,Date
Ushuaia,-54.8,-68.3,42.46,87,75,10.36,AR,1632186512
Puerto Ayora,-0.7393,-90.3518,68.09,83,40,10.4,EC,1632186596
Tuktoyaktuk,69.4541,-133.0374,39.2,87,90,16.11,CA,1632186708
East London,-33.0153,27.9116,57.63,55,9,25.72,ZA,1632186708
Poum,-20.2333,164.0167,72.7,64,16,20.18,NC,1632186709
Saint-Augustin,51.226,-58.6502,50.04,60,22,11.52,CA,1632186709
Dingle,10.9995,122.6711,80.4,84,100,2.86,PH,1632186709
Yaan,7.3833,8.5667,74.17,93,100,6.08,NG,1632186710
Stokmarknes,68.5646,14.9108,48.18,57,0,21.85,NO,1632186710
Puerto Escondido,15.85,-97.0667,81.43,57,75,0,MX,1632186711
Hackettstown,40.854,-74.8291,69.66,72,43,3.44,US,1632186711
Busselton,-33.65,115.3333,59.2,55,0,11.59,AU,1632186711
Hermanus,-34.4187,19.2345,51.69,67,34,6.91,ZA,1632186712
New Norfolk,-42.7826,147.0587,49.5,58,100,8.93,AU,1632186712
North Branch,45.5113,-92.9802,62.67,94,62,11.18,US,1632186713
Nanortalik,60.1432,-45.2371,37.33,71,2,12.97,GL,1632186713
Lorengau,-2.0226,147.2712,80.69,79,99,4.99,PG,1632186713
Stephenville,32.2207,-98.2023,93.2,31,40,4.61,US,1632186714
Leningradskiy,69.3833,178.4167,26.67,82,86,11.88,RU,1632186714
Roquetas de Mar,36.7642,-2.6148,75.2,84,15,4.47,ES,1632186714
Aykhal,66,111.5,36.18,64,100,13.76,RU,1632186715
Albany,42.6001,-73.9662,66.07,84,100,4.63,US,1632186667
Hobart,-42.8794,147.3294,49.86,53,75,12.66,AU,1632186453
Punta Arenas,-53.15,-70.9167,51.91,66,75,17.27,CL,1632186716
Warri,5.5167,5.75,76.59,90,100,4.03,NG,1632186716
Haines Junction,60.7522,-137.5108,42.75,93,100,2.3,CA,1632186716
Port Alfred,-33.5906,26.891,59.27,57,97,24.83,ZA,1632186717
Rikitea,-23.1203,-134.9692,73.99,76,15,11.61,PF,1632186505
Carnarvon,-24.8667,113.6333,75.96,33,0,20.85,AU,1632186717
Clyde River,70.4692,-68.5914,29.44,71,92,6.93,CA,1632186718
Djibouti,11.5,42.5,83.62,51,11,4.97,DJ,1632186718
Ukiah,39.1502,-123.2078,91.29,18,1,3.44,US,1632186719
Nueva Loja,0.0847,-76.8828,76.62,77,100,1.23,EC,1632186719
Atuona,-9.8,-139.0333,77.88,71,0,19.91,PF,1632186719
Kwang Binh,17.4833,106.6,80.17,86,99,3.87,VN,1632186720
Cantaura,9.3057,-64.3584,80.71,68,100,3.89,VE,1632186720
Saint George,37.1041,-113.5841,84.67,13,1,13.8,US,1632186720
Hualmay,-11.0964,-77.6139,61.2,82,36,10.58,PE,1632186721
Padang,-0.9492,100.3543,77.05,83,40,2.53,ID,1632186721
Ponta do Sol,32.6667,-17.1,72.23,82,32,6.62,PT,1632186722
Olavarría,-36.8927,-60.3225,42.58,74,0,7.65,AR,1632186722
Maku,39.2911,44.4521,60.87,43,1,2.62,IR,1632186722
Burnie,-41.0667,145.9167,50.79,56,100,11.7,AU,1632186723
Severo-Kuril'sk,50.6789,156.125,50.4,75,14,29.75,RU,1632186723
Touros,-5.1989,-35.4608,76.1,73,32,15.99,BR,1632186724
Mizdah,31.4451,12.9801,78.35,22,0,6.89,LY,1632186724
Pangoa,-12.1167,-73,76.6,61,100,2.64,PE,1632186724
Avarua,-21.2078,-159.775,77.05,83,75,5.75,CK,1632186607
Kaitangata,-46.2817,169.8464,54.73,70,100,2.01,NZ,1632186725
Yellowknife,62.456,-114.3525,45.12,93,40,5.75,CA,1632186726
San Vicente,-26.6167,-54.1333,69.69,71,8,3.87,AR,1632186726
Vaini,-21.2,-175.2,71.76,88,75,10.36,TO,1632186726
La Ronge,55.1001,-105.2842,50.25,66,40,1.14,CA,1632186727
Mataura,-46.1927,168.8643,52.59,77,100,4.59,NZ,1632186727
Teodoro Sampaio,-22.5325,-52.1675,83.59,23,3,1.83,BR,1632186727
Barrow,71.2906,-156.7887,32.02,80,75,16.11,US,1632186662
Butaritari,3.0707,172.7902,83.16,70,43,13.56,KI,1632186728
Biak,-0.9131,122.8766,75.38,91,100,5.55,ID,1632186728
Kapaa,22.0752,-159.319,84.18,74,75,12.66,US,1632186598
Mahabalipuram,12.6264,80.1722,80.65,76,88,11.56,IN,1632186729
Ribeira Grande,38.5167,-28.7,70.75,73,0,13.22,PT,1632186729
Noyabrsk,63.1994,75.4507,33.01,97,100,13.89,RU,1632186730
Te Anau,-45.4167,167.7167,44.56,96,100,3.56,NZ,1632186730
San Patricio,28.017,-97.5169,87.89,67,0,12.1,US,1632186731
Bara,10.3744,10.7288,75.72,82,98,5.01,NG,1632186731
Omboué,-1.5746,9.2618,75.15,84,99,7.54,GA,1632186732
Bluff,-46.6,168.3333,47.43,90,100,18.48,NZ,1632186732
Verkhnyaya Inta,65.9811,60.3094,34.03,98,100,16.6,RU,1632186733
Naze,28.3667,129.4833,77.72,68,0,2.3,JP,1632186733
Taoudenni,22.6783,-3.9836,95.79,9,0,11.63,ML,1632186734
Paracuru,-3.41,-39.0306,80.62,80,16,13.33,BR,1632186734
Hithadhoo,-0.6,73.0833,83.39,73,100,11.7,MV,1632186735
Qui Nhon,13.7667,109.2333,79.63,81,100,4.14,VN,1632186735
Cabedelo,-6.9811,-34.8339,74.07,73,12,12.59,BR,1632186735
Isangel,-19.55,169.2667,77.23,55,3,12.62,VU,1632186736
Bouza,14.4229,6.0428,86.11,39,58,8.66,NE,1632186736
Ambilobe,-13.2,49.05,65.68,78,0,5.32,MG,1632186736
Laas,46.6166,10.7002,50.74,93,76,3,IT,1632186737
Souillac,-20.5167,57.5167,68.38,64,20,10.36,MU,1632186737
Anchorage,61.2181,-149.9003,50.88,68,90,4.61,US,1632186603
Avera,33.194,-82.5271,74.71,97,100,10.65,US,1632186738
Wajir,1.7471,40.0573,74.79,63,0,13.85,KE,1632186738
Salalah,17.0151,54.0924,78.89,94,75,6.91,OM,1632186739
Along,28.1667,94.7667,75.13,88,26,0.89,IN,1632186739
Indiaroba,-11.5192,-37.5117,71.28,90,34,2.77,BR,1632186740
Saldanha,-33.0117,17.9442,42.85,69,100,15.57,ZA,1632186740
Comodoro Rivadavia,-45.8667,-67.5,48.06,43,0,8.05,AR,1632186740
Tasiilaq,65.6145,-37.6368,37.56,78,97,9.13,GL,1632186741
Itarema,-2.9248,-39.9167,78.53,81,36,14.92,BR,1632186741
Luau,-10.7073,22.2247,66.78,38,6,2.17,AO,1632186742
Porto-Novo,6.4965,2.6036,77.2,87,99,6.69,BJ,1632186742
Moose Factory,51.2585,-80.6094,78.8,65,20,16.11,CA,1632186743
Tessalit,20.1986,1.0114,90.09,10,0,7.16,ML,1632186743
Saint Paul Harbor,57.79,-152.4072,52.63,64,12,17.07,US,1632186744
Longyearbyen,78.2186,15.6401,40.84,93,75,0,SJ,1632186744
Castro,-24.7911,-50.0119,70.77,53,18,2.73,BR,1632186744
Tromsø,69.6496,18.957,39.22,70,0,2.3,NO,1632186745
São Filipe,14.8961,-24.4956,80.15,84,99,6.93,CV,1632186745
Port Elizabeth,-33.918,25.5701,53.89,82,0,14.97,ZA,1632186746
Norman Wells,65.282,-126.8329,53.87,53,95,12.95,CA,1632186746
Camacha,33.0833,-16.3333,69.22,68,40,10.36,PT,1632186747
Taos,36.4072,-105.5731,68.4,15,1,13.8,US,1632186747
Mayumba,-3.432,10.6554,74.32,85,100,6.93,GA,1632186747
Lima,-12.0432,-77.0282,59.25,77,0,13.8,PE,1632186747
Cherskiy,68.75,161.3,33.42,53,57,6.93,RU,1632186748
Nikolskoye,59.7035,30.7861,42.69,81,98,6.76,RU,1632186748
Oktyabr'skiy,54.4815,53.471,38.61,64,100,4.83,RU,1632186749
Port Hardy,50.6996,-127.4199,57.38,82,75,6.91,CA,1632186749
Pisco,-13.7,-76.2167,59.76,82,4,3.29,PE,1632186750
Micheweni,-4.9667,39.8333,74.05,85,0,9.13,TZ,1632186750
Saskylakh,71.9167,114.0833,32.9,91,100,5.91,RU,1632186751
Shingū,33.7333,135.9833,74.01,80,99,9.91,JP,1632186751
Alofi,-19.0595,-169.9187,75.09,94,75,10.36,NU,1632186751
Tazovsky,67.4667,78.7,31.96,85,96,14.03,RU,1632186752
Bethel,41.3712,-73.414,66.56,77,1,0,US,1632186752
Chui,-33.6971,-53.4616,56.03,89,92,16.53,UY,1632186753
Port Lincoln,-34.7333,135.8667,54.37,60,100,12.71,AU,1632186753
Sovetskaya Gavan',48.9723,140.2878,64.2,41,87,2.3,RU,1632186753
Ko Samui,9.5357,99.9357,81.19,77,100,15.39,TH,1632186754
Klaksvík,62.2266,-6.589,52.72,79,100,34.99,FO,1632186754
Keroka,-0.7758,34.9453,52.54,92,24,2.77,KE,1632186755
Havre-St-Pierre,50.2334,-63.5986,48.2,76,94,7.65,CA,1632186755
Bambous Virieux,-20.3428,57.7575,68.25,64,20,10.36,MU,1632186756
Baker City,44.7749,-117.8344,62.31,42,1,5.75,US,1632186660
Tres Arroyos,-38.3739,-60.2798,41.5,90,0,5.75,AR,1632186756
Torbay,47.6666,-52.7314,43.57,75,40,13.8,CA,1632186757
Salym,60.0625,71.4789,35.29,93,100,8.66,RU,1632186757
Cape Town,-33.9258,18.4232,53.92,64,25,10.16,ZA,1632186655
Belaya Gora,68.5333,146.4167,34.07,53,36,10.31,RU,1632186758
Pemberton,50.3164,-122.8027,57.06,73,100,4.76,CA,1632186758
Gushikawa,26.3544,127.8686,85.23,74,20,3.44,JP,1632186759
Teeli,51.0333,90.2333,39,55,43,0.34,RU,1632186759
Kachkanar,58.7,59.4948,29.46,91,40,3.56,RU,1632186760
Inírida,3.8653,-67.9239,74.75,95,100,2.39,CO,1632186760
Ginda,30.6945,78.4932,64.72,91,96,1.07,IN,1632186760
Qaanaaq,77.484,-69.3632,13.46,71,64,9.53,GL,1632186761
Kruisfontein,-34.0033,24.7314,53.96,68,81,15.73,ZA,1632186761
Morón,-34.6534,-58.6198,56.95,69,0,11.23,AR,1632186652
Bengkulu,-3.8004,102.2655,78.15,83,86,3.18,ID,1632186762
Dudinka,69.4058,86.1778,29.86,85,100,11.01,RU,1632186762
Abnūb,27.2696,31.1511,81.43,32,0,9.57,EG,1632186762
Jamestown,42.097,-79.2353,72.99,83,75,13.8,US,1632186763
Kyabé,9.4515,18.9449,70.66,97,100,4,TD,1632186763
Pevek,69.7008,170.3133,28.4,75,93,1.43,RU,1632186764
Thinadhoo,0.5333,72.9333,83.14,74,10,11.45,MV,1632186764
Katsuura,35.1333,140.3,73.51,65,87,10.31,JP,1632186765
Chabahar,25.2919,60.643,81.19,84,7,5.88,IR,1632186765
Ambon City,-3.6954,128.1814,82.54,94,40,1.14,ID,1632186765
Berezovyy,51.6667,135.7,60.85,56,87,1.43,RU,1632186766
Airai,-8.9266,125.4092,73.47,31,46,5.84,TL,1632186766
Kavieng,-2.5744,150.7967,83.89,68,100,4.56,PG,1632186767
Colac,-38.3333,143.5833,52.38,50,44,12.33,AU,1632186767
Petropavlovsk-Kamchatskiy,53.0452,158.6483,55.99,44,75,20.13,RU,1632186768
Saint-Philippe,-21.3585,55.7679,67.59,72,100,12.12,RE,1632186768
Yangi Marg`ilon,40.4272,71.7189,58.42,28,0,2.82,UZ,1632186768
Kez,57.8979,53.7152,37.54,81,100,4.12,RU,1632186769
Waingapu,-9.6567,120.2641,84.85,58,74,15.14,ID,1632186769
Yelizovo,53.1873,158.3805,57.34,44,75,20.13,RU,1632186770
Upernavik,72.7868,-56.1549,25.56,81,87,3,GL,1632186770
Vredendal,-31.6683,18.5012,51.28,57,38,6.76,ZA,1632186770
Katobu,-4.9408,122.5276,81.82,64,93,7.4,ID,1632186771
Isil'kul',54.9109,71.2728,37.8,91,100,10.69,RU,1632186771
Makushino,55.2103,67.2442,37.81,88,100,7.94,RU,1632186772
Kiama,-34.6833,150.8667,56.35,51,31,21.92,AU,1632186631
Kununurra,-15.7667,128.7333,91.38,25,14,20.71,AU,1632186546
Krutinka,56.0055,71.5113,37.92,97,100,13.02,RU,1632186772
Mahébourg,-20.4081,57.7,68.29,64,20,10.36,MU,1632186773
Arlit,18.7369,7.3853,90.45,10,0,12.48,NE,1632186773
Garoowe,8.4054,48.4845,74.66,70,32,20.8,SO,1632186773
Muros,42.7762,-9.0603,59.5,79,3,13.82,ES,1632186774
Misratah,32.3754,15.0925,81.55,67,0,1.39,LY,1632186774
Blythe,33.6103,-114.5964,99.05,12,1,4.61,US,1632186775
Hamilton,39.1834,-84.5333,71.35,86,90,5.75,US,1632186558
Bredasdorp,-34.5322,20.0403,45.72,81,16,4.61,ZA,1632186775
Guantánamo,20.1444,-75.2092,83.77,78,52,5.44,CU,1632186776
Pontianak,-0.0333,109.3333,78.78,89,20,8.05,ID,1632186776
Nuuk,64.1835,-51.7216,32.61,80,75,0,GL,1632186551
Vao,-22.6667,167.4833,70.45,65,85,16.82,NC,1632186777
Remedios,22.4947,-79.5458,79.72,81,91,11.3,CU,1632186777
Hilton Head,32.2163,-80.7526,77,94,90,0,US,1632186667
Buxton,53.2574,-1.9098,55.69,98,41,4.23,GB,1632186778
Vereeniging,-26.6731,27.9261,50.04,27,0,5.37,ZA,1632186496
Sinnamary,5.3833,-52.95,79.23,85,22,8.01,GF,1632186779
Felanitx,39.4696,3.1483,64.92,73,100,13.69,ES,1632186779
Morondava,-20.2833,44.2833,72.61,74,71,4.54,MG,1632186779
Trincomalee,8.5711,81.2335,79.65,82,83,14.85,LK,1632186780
Moram,17.8,76.4667,72.07,92,100,2.04,IN,1632186780
Ekhabi,53.5102,142.9671,53.55,51,84,17.11,RU,1632186780
Alyangula,-13.8483,136.4192,85.87,37,16,17.27,AU,1632186781
Mishkino,55.3389,63.9175,38.66,75,100,5.59,RU,1632186781
Husavik,66.0449,-17.3389,42.71,86,100,11.41,IS,1632186782
Fortuna,40.5982,-124.1573,70.14,59,20,9.22,US,1632186739
Mokhsogollokh,61.4681,128.9203,42.37,59,8,4.21,RU,1632186782
Catumbela,-12.4314,13.5472,70.77,88,100,3.24,AO,1632186783
Okotoks,50.7289,-113.9828,59.13,37,59,5.39,CA,1632186783
Meadow Lake,34.8014,-106.5436,80.08,17,1,10.02,US,1632186783
São João da Barra,-21.6403,-41.0511,73.13,87,6,17.98,BR,1632186784
Tiksi,71.6872,128.8694,35.76,72,100,8.52,RU,1632186784
Carutapera,-1.195,-46.02,78.13,79,31,7.23,BR,1632186785
Tautira,-17.7333,-149.15,84.22,72,18,13.27,PF,1632186785
Lerwick,60.1545,-1.1494,53.6,79,100,21.92,GB,1632186785
Dikson,73.5069,80.5464,34.99,76,97,11.1,RU,1632186786
Lexington,37.9887,-84.4777,69.8,88,75,8.05,US,1632186494
Baharly,38.4362,57.4316,67.23,29,0,6.26,TM,1632186786
Hilo,19.7297,-155.09,80.33,69,75,10.36,US,1632186578
Barrhead,55.7992,-4.3929,54.93,87,75,12.66,GB,1632186787
Karratha,-20.7377,116.8463,81.3,24,100,30.24,AU,1632186787
Buraidah,26.326,43.975,78.6,18,0,5.14,SA,1632186788
Develi,38.3906,35.4922,47.55,52,0,1.66,TR,1632186788
Lebu,-37.6167,-73.65,49.59,88,0,19.51,CL,1632186789
Mae Hong Son,19.3003,97.9685,76.05,95,92,1.16,TH,1632186789
Antalaha,-14.9003,50.2788,68.88,77,93,7.11,MG,1632186789
Alakurtti,66.9672,30.3491,30.67,95,24,2.66,RU,1632186790
George Town,5.4112,100.3354,80.53,89,20,0,MY,1632186790
Gaziantep,37.0594,37.3825,66.13,60,0,0,TR,1632186787
Makkah al Mukarramah,21.4267,39.8261,91.47,15,9,6.96,SA,1632186735
Kanchanaburi,14.6333,99.1,74.26,96,100,1.03,TH,1632186791
Kahului,20.8947,-156.47,87.82,45,40,21.85,US,1632186792
Gondal,21.9667,70.8,76.71,97,100,7.65,IN,1632186792
Hasaki,35.7333,140.8333,75.6,62,99,7.45,JP,1632186792
Khatanga,71.9667,102.5,32.4,97,100,2.26,RU,1632186793
Arraial do Cabo,-22.9661,-42.0278,71.31,90,87,26.04,BR,1632186793
Marawi,7.9986,124.2928,78.57,71,87,0.4,PH,1632186794
Thompson,55.7435,-97.8558,42.96,81,40,3.44,CA,1632186794
Oussouye,12.485,-16.5469,80.78,87,1,5.64,SN,1632186794
Panzhihua,26.5851,101.7128,69.49,74,2,0.78,CN,1632186795
Red Deer,52.2668,-113.802,59.49,36,1,3.44,CA,1632186753
Buhovo,42.7667,23.5667,51.58,76,20,14.97,BG,1632186796
Katherine,-14.4667,132.2667,89.92,31,74,18.41,AU,1632186796
Chemal,51.4111,86.005,37.36,67,100,1.43,RU,1632186796
Koratagere,13.5228,77.2331,71.47,86,100,5.7,IN,1632186797
Sittwe,20.15,92.9,79.25,87,97,4.43,MM,1632186797
Marmande,44.5,0.1667,61.11,88,72,4.18,FR,1632186798
Moshupa,-24.7782,25.4155,59.85,17,0,12.95,BW,1632186798
Sola,-13.8833,167.55,78.12,73,100,19.01,VU,1632186799
Necochea,-38.5473,-58.7368,46.83,80,0,10.78,AR,1632186799
Banda Aceh,5.5577,95.3222,80.6,75,93,12.41,ID,1632186799
Ketchikan,55.3422,-131.6461,50.86,98,100,9.22,US,1632186800
Moa,20.6569,-74.9403,79.61,83,52,8.39,CU,1632186800
Adrar,20.5022,-10.0711,89.19,24,0,17.65,MR,1632186801
Baft,29.234,56.6057,63.73,40,4,2.33,IR,1632186801
Vila Franca do Campo,37.7167,-25.4333,68.41,80,75,9.46,PT,1632186801
Gwanda,-20.9333,29,67.87,30,3,6.73,ZW,1632186802
Cooma,-36.2333,149.1333,44.37,81,75,24.16,AU,1632186802
Berëzovka,53.7214,25.4993,39.36,98,100,10.07,BY,1632186620
Vardø,70.3705,31.1107,42.15,73,34,26.44,NO,1632186803
Coquimbo,-29.9533,-71.3436,55.13,82,0,4.61,CL,1632186803
Pitimbu,-7.4706,-34.8086,73.99,74,11,10.85,BR,1632186804
Kaabong,3.4836,34.1492,65.23,70,8,2.42,UG,1632186804
Zeya,53.75,127.2667,58.96,71,0,1.92,RU,1632186804
Huarmey,-10.0681,-78.1522,62.28,84,22,10.22,PE,1632186805
Redmond,47.674,-122.1215,69.76,53,11,5.32,US,1632186694
São Gabriel da Cachoeira,-0.1303,-67.0892,78.75,76,95,2.3,BR,1632186805
Otorohanga,-38.1833,175.2,63.12,49,5,7.34,NZ,1632186806
Kyzyl-Suu,42.3414,78.0056,53.98,47,0,4.88,KG,1632186806
‘Āhuimanu,21.4447,-157.8378,89.31,54,75,12.66,US,1632186806
Mezen',65.8522,44.24,31.86,92,38,1.95,RU,1632186807
Huanren,41.2647,125.3667,63.84,93,100,11.25,CN,1632186807
Sitka,57.0531,-135.33,57.09,77,90,13.8,US,1632186808
Burns Lake,54.2331,-125.7533,47.62,91,100,7.47,CA,1632186808
Sangar,63.9242,127.4739,40.23,72,46,2.89,RU,1632186808
Nānākuli,21.3906,-158.1547,89.55,45,20,12.66,US,1632186809
Tokat,40.4167,36.5833,56.03,48,16,3.89,TR,1632186809
Pochutla,15.7432,-96.4661,79.65,82,97,4.32,MX,1632186809
Pivijay,10.4617,-74.6162,82.49,87,36,6.13,CO,1632186810
Pemba,-12.974,40.5178,74.1,83,75,3.44,MZ,1632186810
Roald,62.5833,6.1333,55.54,76,90,23.02,NO,1632186811
Khandyga,62.6667,135.6,39.56,87,93,2.1,RU,1632186811
Margate,51.3813,1.3862,51.66,86,59,7.02,GB,1632186811
Divnoye,45.9089,43.3547,64.65,63,98,6.26,RU,1632186812
Amapá,1,-52,72.52,96,100,1.99,BR,1632186813
Nadym,65.5333,72.5167,35.65,97,100,12.93,RU,1632186813
Mar del Plata,-38.0023,-57.5575,47.93,78,0,14.18,AR,1632186760
Hong Kong,22.2855,114.1577,86.05,75,93,1.88,HK,1632186814
Oddur,4.1213,43.8894,69.13,79,7,10.07,SO,1632186814
Pacific Grove,36.6177,-121.9166,88.2,38,1,4.61,US,1632186754
Hofn,64.2539,-15.2082,48.51,62,100,10.25,IS,1632186815
Mayor Pablo Lagerenza,-19.9309,-60.7718,91.09,26,95,5.28,PY,1632186815
Paldiski,59.3567,24.0531,44.85,74,95,8.3,EE,1632186815
Palmer,42.1584,-72.3287,63.21,82,20,4.61,US,1632186816
Nampula,-15.1165,39.2666,61.5,77,5,1.48,MZ,1632186816
Iqaluit,63.7506,-68.5145,31.73,74,90,5.75,CA,1632186817
Sartell,45.6216,-94.2069,60.58,94,90,17.27,US,1632186817
Sur,22.5667,59.5289,83.86,67,1,6.87,OM,1632186817
La Seyne-sur-Mer,43.0982,5.8847,60.76,67,80,6.26,FR,1632186818
Henties Bay,-22.116,14.2845,53.65,92,0,5.79,NA,1632186818
Mount Gambier,-37.8333,140.7667,51.98,60,98,10.69,AU,1632186818
Arinos,-15.9169,-46.1056,80.85,32,22,2.8,BR,1632186819
Mehamn,71.0357,27.8492,39.25,73,15,14.29,NO,1632186819
Batemans Bay,-35.7167,150.1833,54.64,52,96,14.5,AU,1632186820
Flinders,-34.5833,150.8552,56.68,47,46,20.15,AU,1632186820
Bay Roberts,47.5999,-53.2648,44.35,72,5,12.48,CA,1632186820
Huambo,-12.7761,15.7392,69.4,46,100,3.67,AO,1632186745
Campos Sales,-7.0744,-40.3761,80.98,39,96,5.12,BR,1632186821
Shimoda,34.6667,138.95,74.7,70,17,15.21,JP,1632186821
Yulara,-25.2406,130.9889,59.05,28,6,24.14,AU,1632186822
Lakes Entrance,-37.8811,147.981,52.16,60,55,18.99,AU,1632186822
Kupang,-10.1667,123.5833,86.58,51,20,12.66,ID,1632186823
Sadovoye,47.7764,44.5089,63.45,53,100,4.23,RU,1632186823
Baykit,61.67,96.37,38.53,86,100,5.59,RU,1632186824
Joensuu,62.6012,29.7632,34.29,93,0,5.75,FI,1632186824
Saran,47.9501,1.876,59.07,94,0,6.91,FR,1632186824
Mayo,38.8876,-76.5119,71.55,64,1,12.66,US,1632186825
Lüderitz,-26.6481,15.1594,58.1,60,0,15.48,NA,1632186825
Nanticoke,41.2054,-76.0049,65.53,90,100,4.72,US,1632186826
Malm,64.0721,11.2172,49.84,72,100,4.94,NO,1632186826
Abhā,18.2164,42.5053,62.85,24,0,5.75,SA,1632186826
Rincon,32.296,-81.2354,77.18,100,90,0,US,1632186691
San Antonio,29.4241,-98.4936,93.65,40,1,8.05,US,1632186817
Esperance,-33.8667,121.9,55.78,58,0,13.42,AU,1632186827
Riyadh,24.6877,46.7219,77.14,18,0,5.57,SA,1632186828
Regierungsbezirk Arnsberg,51.3297,8.0071,46.65,82,0,2.08,DE,1632186828
Verkhoyansk,67.5447,133.385,39.25,64,100,5.17,RU,1632186828
Mallaig,54.2169,-111.3685,57.49,51,99,5.41,CA,1632186829
Isla Vista,34.4133,-119.861,82.76,73,1,8.05,US,1632186829
Tomatlán,19.9333,-105.25,76.91,90,38,1.61,MX,1632186829
Mahon,39.8885,4.2658,68.56,73,75,16.11,ES,1632186830
Cidreira,-30.1811,-50.2056,67.32,97,97,2.77,BR,1632186830
Hanyang,32.1371,105.5126,68.68,80,0,1.99,CN,1632186831
Yakeshi,49.2833,120.7333,52.66,68,100,6.96,CN,1632186831
Coihueco,-36.6167,-71.8333,54.34,67,0,9.22,CL,1632186831
Örnsköldsvik,63.2909,18.7153,40.82,93,90,1.14,SE,1632186832
Machico,32.7,-16.7667,72.68,64,40,16.11,PT,1632186832
Parintins,-2.6283,-56.7358,75.97,87,100,1.95,BR,1632186833
Asău,46.4333,26.4,45.52,92,98,0.92,RO,1632186833
Makokou,0.5738,12.8642,70.32,98,38,3.42,GA,1632186834
Aklavik,68.2191,-135.0107,45.32,74,100,15.05,CA,1632186834
Ténenkou,14.4572,-4.9169,88.43,43,64,16.22,ML,1632186834
Vodnyy,63.5046,53.4095,33.53,84,77,4.07,RU,1632186835
Rokytne,51.2796,27.214,40.06,94,100,10.67,UA,1632186835
Fort Nelson,58.8053,-122.7002,55.78,55,100,8.43,CA,1632186835
Seoul,37.5683,126.9778,72.84,88,90,6.91,KR,1632186770
Atar,20.5169,-13.0499,89.73,29,0,13.49,MR,1632186836
Ceres,37.5949,-120.9577,88.12,21,1,6.91,US,1632186836
Isla Mujeres,21.2311,-86.731,84.25,81,31,11.16,MX,1632186837
Tuatapere,-46.1333,167.6833,46.24,94,100,3.62,NZ,1632186837
Palana,59.1167,159.9667,46.96,75,100,19.15,RU,1632186838
Cascais,38.6979,-9.4215,69.15,67,0,9.82,PT,1632186838
Sungai Penuh,-2.0833,101.3833,70.09,86,87,0.22,ID,1632186838
Ostrovnoy,68.0531,39.5131,34.9,86,91,11.21,RU,1632186839
Vanavara,60.34,102.2797,38.07,82,100,11.7,RU,1632186839
Kuntaur,13.6667,-14.8833,77.92,86,100,7.4,GM,1632186839
Hammond,41.5834,-87.5,79,83,1,14.97,US,1632186553
Kralendijk,12.15,-68.2667,82.38,74,94,11.5,BQ,1632186840
Kalabo,-14.97,22.6814,65.32,22,0,2.33,ZM,1632186840
Águas Vermelhas,-15.7472,-41.46,65.68,78,100,3.4,BR,1632186841
Vrangel',42.7297,133.0839,65.05,85,100,22.12,RU,1632186841
Acapulco de Juárez,16.8634,-99.8901,84.02,79,40,9.22,MX,1632186589
Moerai,-22.4333,-151.3333,74.91,78,1,11.41,PF,1632186842
Conceição da Barra,-18.5933,-39.7322,72.34,82,0,5.53,BR,1632186842
Geraldton,-28.7667,114.6,70.21,30,0,21.85,AU,1632186643
Puerres,1.1937,-77.2666,50.13,93,98,5.32,CO,1632186843
Paraná,-31.732,-60.5238,60.8,72,98,13.91,AR,1632186689
Faanui,-16.4833,-151.75,78.31,72,5,12.03,PF,1632186843
Adré,13.4667,22.2,73.67,74,15,3.85,TD,1632186844
Machacamarca,-18.1667,-67.0333,51.12,62,6,12.41,BO,1632186844
Quatre Cocos,-20.2078,57.7625,68.11,67,58,15.05,MU,1632186845
Killarney,52.05,-9.5167,54.66,91,95,2.1,IE,1632186845
Sardarpur,22.678,74.9484,71.47,97,95,7.47,IN,1632186846
Sainte-Suzanne,-20.9061,55.6089,68.22,72,75,19.57,RE,1632186846
Kutum,14.2,24.6667,76.96,43,100,3.15,SD,1632186846
Sisimiut,66.9395,-53.6735,33.15,79,100,7.05,GL,1632186847
Mitsamiouli,-11.3847,43.2844,76.12,79,8,12.8,KM,1632186847
Kiryat Gat,31.61,34.7642,74.08,74,0,5.3,IL,1632186848
Kapit,2.0167,112.9333,73.26,99,100,1.36,MY,1632186848
Yumen,40.2833,97.2,63.82,33,93,12.97,CN,1632186848
Irecê,-11.3042,-41.8558,76.37,42,85,11.99,BR,1632186849
Rudnaya Pristan',44.3614,135.8116,59.56,79,100,3.15,RU,1632186849
Brainerd,46.358,-94.2008,57.22,77,90,12.66,US,1632186850
Alice Springs,-23.7,133.8833,56.75,38,0,18.41,AU,1632186666
Manado,1.487,124.8455,88.57,70,20,2.3,ID,1632186582
Beloha,-25.1667,45.05,62.47,72,0,7.56,MG,1632186850
Pajarito,5.2929,-72.7028,67.59,94,90,5.1,CO,1632186851
Baltiysk,54.6538,19.911,48.18,71,16,10.71,RU,1632186851
Ilirska Bistrica,45.5697,14.2408,56.86,85,100,5.17,SI,1632186852
Talnakh,69.4865,88.3972,33.22,77,100,2.55,RU,1632186852
Serra Talhada,-7.9919,-38.2983,75.29,63,14,13.27,BR,1632186852
Susaki,33.3667,133.2833,76.73,76,79,7.65,JP,1632186853
Barabinsk,55.3571,78.357,39.74,93,100,12.77,RU,1632186853
Kloulklubed,7.0419,134.2556,82.9,72,100,3.49,PW,1632186854
Coyhaique,-45.5752,-72.0662,42.75,75,0,3.44,CL,1632186854
Narsaq,60.9167,-46.05,34.02,58,0,4.92,GL,1632186854
Luganville,-15.5333,167.1667,78.49,72,65,10.83,VU,1632186855
Tsirguliina,57.864,26.1947,41.16,85,100,7.25,EE,1632186855
Cap Malheureux,-19.9842,57.6142,68.49,67,48,20.13,MU,1632186856
Half Moon Bay,37.4636,-122.4286,89.42,28,1,14.97,US,1632186857
Beringovskiy,63.05,179.3167,42.67,93,100,7.34,RU,1632186858
Saryozek,44.3583,77.9753,49.23,32,97,3.51,KZ,1632186858
Pierre,44.3683,-100.351,58.12,58,75,6.91,US,1632186604
Moyale,3.5167,39.0584,66.92,61,0,11.79,KE,1632186859
Peniche,39.3558,-9.3811,69.28,75,0,13.27,PT,1632186859
Bathsheba,13.2167,-59.5167,83.01,69,20,8.05,BB,1632186859
Tsiroanomandidy,-18.7667,46.0333,63.55,67,87,4.21,MG,1632186860
Bijāwar,24.6333,79.5,75.99,88,7,2.77,IN,1632186860
Coahuayana Viejo,18.7333,-103.6833,83.68,87,43,2.64,MX,1632186861
Morganton,35.7454,-81.6848,74.52,83,40,0,US,1632186685
College,64.8569,-147.8028,39.15,52,75,6.91,US,1632186861
Codrington,-38.2667,141.9667,52.29,64,95,16.55,AU,1632186862
Mareeba,-17,145.4333,75.92,26,23,8.01,AU,1632186862
Berlevåg,70.8578,29.0864,40.1,74,40,26.8,NO,1632186863
Baldwin,30.7505,-87.7667,80.42,90,0,3.94,US,1632186863
Gamba,-2.65,10,74.07,85,100,6.51,GA,1632186864
Koslan,63.4564,48.8989,31.14,94,15,1.19,RU,1632186864
Sorong,-0.8833,131.25,81.91,73,68,2.06,ID,1632186864
Birjand,32.8663,59.2211,66.56,23,0,6.91,IR,1632186865
Ossora,59.2353,163.0719,48.97,90,100,24.4,RU,1632186865
Pavlivka,49.4414,28.4596,41.36,90,100,11.83,UA,1632186866
Richards Bay,-28.783,32.0377,66.49,76,100,15.93,ZA,1632186866
Verkhnevilyuysk,63.4453,120.3167,40.28,58,88,8.08,RU,1632186867
Iralaya,15,-83.2333,80.74,80,99,8.57,HN,1632186867
Carlisle,40.2015,-77.1889,69.44,82,85,6.67,US,1632186867
Kunashak,55.7032,61.5498,39.72,93,5,4.72,RU,1632186868
Manakara,-22.1333,48.0167,63.79,89,31,4,MG,1632186868
Hambantota,6.1241,81.1185,80.24,79,98,13.4,LK,1632186868
Saint Anthony,45.0205,-93.218,62.53,78,90,12.66,US,1632186869
Tomé,-36.6167,-72.95,52.41,75,0,6.51,CL,1632186869
Anori,-3.7728,-61.6442,77.88,77,80,3,BR,1632186870
Bagotville,-28.9833,153.4167,65.8,61,72,6.67,AU,1632186870
Torrijos,39.9819,-4.2835,57.25,51,5,14.81,ES,1632186870
Urusha,54.05,122.9,55.38,75,6,2.28,RU,1632186871
Muli,2.9167,73.5667,82.49,73,20,10.51,MV,1632186871
Aden,12.7794,45.0367,84.07,84,10,6.24,YE,1632186872
Vestmannaeyjar,63.4427,-20.2734,48.94,72,100,9.66,IS,1632186872
Concordia,-31.393,-58.0209,61.68,76,100,14.85,AR,1632186604
Lata,40.1629,-8.3327,57.61,58,0,10.56,PT,1632186873
Tombouctou,20,-3,92.77,12,0,3.89,ML,1632186873
Sambava,-14.2667,50.1667,70.45,77,78,11.01,MG,1632186874
Piracuruca,-3.9281,-41.7092,77.45,73,32,7.49,BR,1632186756
Emerald,-23.5333,148.1667,78.94,17,5,23.02,AU,1632186669
Arman',59.7,150.1667,46.69,66,60,11.86,RU,1632186874
Cootamundra,-34.65,148.0333,47.97,62,67,15.39,AU,1632186875
Guerrero Negro,27.9769,-114.0611,74.03,62,0,13.53,MX,1632186875
Hornepayne,49.2138,-84.7705,69.06,72,100,14.99,CA,1632186876
Kidal,18.4411,1.4078,89.8,10,0,3.76,ML,1632186876
Blagoveshchensk,50.2667,127.5333,47.01,93,20,4.47,RU,1632186876
Neuquén,-38.9516,-68.0591,51.69,62,0,0,AR,1632186877
Kamenka,51.3223,42.7678,46.9,79,95,9.13,RU,1632186877
Saint-Pierre,-21.3393,55.4781,67.68,68,75,10.36,RE,1632186878
Mossamedes,-15.1961,12.1522,60.93,85,9,2.91,AO,1632186878
Atherton,53.5237,-2.4935,58.55,90,97,3.09,GB,1632186878
Barra Patuca,15.8,-84.2833,80.98,78,93,7.78,HN,1632186740
Mezhova,48.2532,36.7347,51.19,64,100,5.1,UA,1632186879
Ugoofaaru,5.6667,73,82.06,76,99,10.65,MV,1632186879
Shepsi,44.0361,39.1489,67.82,73,6,6.26,RU,1632186880
Itacoatiara,-3.1431,-58.4442,78.04,79,82,3.18,BR,1632186880
Worksop,53.3018,-1.124,53.91,82,87,5.14,GB,1632186880
Nouakchott,18.0858,-15.9785,87.73,65,1,21.03,MR,1632186881
Berdigestyakh,62.0989,126.6992,40.87,65,13,5.48,RU,1632186881
Lufilufi,-13.8745,-171.5986,89.38,76,14,15.26,WS,1632186882
Lewistown,40.5992,-77.5714,69.21,77,20,0,US,1632186882
Kimbe,-5.5502,150.1429,89.17,59,93,1.43,PG,1632186882
Muzaffargarh,30.0754,71.1921,87.82,56,22,8.25,PK,1632186883
Lagoa,39.05,-27.9833,69.4,71,0,9.06,PT,1632186883
Bandarbeyla,9.4942,50.8122,76.19,83,6,24.56,SO,1632186884
Sudak,44.85,34.9667,60.06,72,99,9.64,UA,1632186884
Ahipara,-35.1667,173.1667,61.88,64,31,8.79,NZ,1632186884
Dukhovnitskoye,52.4828,48.2137,48.79,76,100,14.58,RU,1632186885
Lompoc,34.6391,-120.4579,82.54,64,1,10.36,US,1632186885
Khovd,48.0056,91.6419,47.26,24,2,6.38,MN,1632186886
Rognan,67.0953,15.3878,48.34,79,21,11.54,NO,1632186886
Mitú,1.1983,-70.1733,72.95,97,87,0.22,CO,1632186886
Madimba,-10.4,40.3333,70.52,89,56,4.74,TZ,1632186887
Santa Lucía,27.9117,-15.5407,65.52,68,40,14.97,ES,1632186888
Hirara,24.8,125.2833,83.5,76,20,7.09,JP,1632186888
Batagay-Alyta,67.8006,130.4114,35.73,69,100,3.42,RU,1632186888
Bubaque,11.2833,-15.8333,81.21,82,97,10.4,GW,1632186889
San Jeronimito,17.55,-101.3333,85.84,66,40,0,MX,1632186889
Maniwaki,46.3834,-75.966,59.38,77,51,3.44,CA,1632186669
Ilulissat,69.2167,-51.1,28.42,74,90,21.85,GL,1632186890
Port-Gentil,-0.7193,8.7815,76.95,84,94,13.04,GA,1632186890
Ponta Delgada,37.7333,-25.6667,68.72,77,20,6.91,PT,1632186890
Igrim,63.1906,64.4162,35.64,76,100,8.23,RU,1632186891
Salekhard,66.53,66.6019,37.44,95,100,13.22,RU,1632186891
Vila Velha,-20.3297,-40.2925,73.35,88,40,5.75,BR,1632186684
Constitución,-35.3333,-72.4167,51.42,78,0,8.14,CL,1632186656
Bosaso,11.2842,49.1816,88.83,55,4,9.78,SO,1632186892
Bima,-8.4667,118.7167,88.86,47,80,3.2,ID,1632186893
Celestún,20.8667,-90.4,82.4,81,20,16.58,MX,1632186893
Damietta,31.4165,31.8133,78.94,79,0,7.92,EG,1632186893
Wajima,37.4,136.9,76.96,70,0,4.07,JP,1632186894
Pangnirtung,66.1451,-65.7125,31.96,70,100,3.76,CA,1632186679
San Cristobal,7.7669,-72.225,73.58,96,100,2.35,VE,1632186828
Sørland,67.667,12.6934,48.22,72,100,25.88,NO,1632186895
Dalvik,65.9702,-18.5286,42.73,90,100,2.66,IS,1632186895
Anadyr,64.75,177.4833,34.3,93,75,13.42,RU,1632186895
Rawson,-43.3002,-65.1023,56.28,41,0,4.07,AR,1632186896
Chokurdakh,70.6333,147.9167,32.67,56,93,9.71,RU,1632186896
Cabo San Lucas,22.8909,-109.9124,83.5,78,40,3.44,MX,1632186897
Kyra,49.5776,111.9753,53.04,87,78,1.05,RU,1632186897
Río Cuarto,-33.1307,-64.3499,53.28,62,66,6.31,AR,1632186898
Ibotirama,-12.1853,-43.2206,80.58,35,45,2.24,BR,1632186898
Mount Isa,-20.7333,139.5,71.37,15,49,24.16,AU,1632186899
Tongren,27.7172,109.1853,77.59,75,0,1.63,CN,1632186899
Port Hedland,-20.3167,118.5667,84.25,18,36,26.46,AU,1632186900
Kontagora,10.3999,5.4695,74.75,88,85,3.65,NG,1632186900
Mundra,22.85,69.7333,81.64,83,74,14.25,IN,1632186901
Kuzhorskaya,44.6751,40.3103,59.68,77,100,3.78,RU,1632186901
Vidalia,32.2177,-82.4135,76.35,94,90,5.75,US,1632186702
Omsukchan,62.5333,155.8,38.89,96,100,7.67,RU,1632186903
Basco,20.4487,121.9702,84.34,77,100,10.8,PH,1632186904
Nouadhibou,20.931,-17.0347,73.38,73,6,22.48,MR,1632186904
Darhan,49.4867,105.9228,53.8,83,98,7.9,MN,1632186904
Guabito,9.5,-82.6167,78.91,83,100,0.47,PA,1632186905
Lázaro Cárdenas,17.9583,-102.2,80.62,82,27,4.59,MX,1632186769
Valença,-13.3703,-39.0731,69.76,97,33,2.8,BR,1632186905
Kuching,1.55,110.3333,79.02,89,40,3.44,MY,1632186711
Eyl,7.9803,49.8164,76.06,81,12,15.82,SO,1632186906
Resistencia,-27.4606,-58.9839,69.85,72,94,14.18,AR,1632186656
Belle Fourche,44.6714,-103.8522,54.91,48,100,10.8,US,1632186906
Périgueux,45.1833,0.7167,54.81,94,54,3.47,FR,1632186907
Luebo,-5.35,21.4167,73.35,60,100,1.12,CD,1632186907
Pasni,25.2631,63.471,79.56,90,7,12.5,PK,1632186908
Port Macquarie,-31.4333,152.9167,62.56,39,31,15.61,AU,1632186908
Nemuro,43.3236,145.575,66.63,81,65,15.08,JP,1632186908
Novoagansk,61.9449,76.6625,34.75,95,100,12.68,RU,1632186909
Kikwit,-5.041,18.8162,74.57,64,18,0.25,CD,1632186909
Srednekolymsk,67.45,153.6833,35.96,51,24,14.85,RU,1632186910
Praia da Vitória,38.7333,-27.0667,70.05,83,40,12.95,PT,1632186910
Philadelphia,39.9523,-75.1638,66.52,75,75,5.75,US,1632186904
Tahe,52.3333,124.7333,57.99,66,100,1.74,CN,1632186910
Duiwelskloof,-23.6934,30.14,64.62,41,5,2.77,ZA,1632186911
Fairbanks,64.8378,-147.7164,39.16,52,75,2.3,US,1632186912
Española,35.9911,-106.0806,75.94,22,100,8.3,US,1632186912
Asunción Ixtaltepec,16.5,-95.05,81.88,79,100,7.94,MX,1632186912
Gorontalo,0.5412,123.0595,79.23,83,100,2.19,ID,1632186684
Hillsborough,37.5741,-122.3794,88.83,27,1,17.27,US,1632186913
Soyo,-6.1349,12.3689,74.44,88,96,7.27,AO,1632186913
Yablochnyy,47.1661,142.0661,60.75,65,100,10.47,RU,1632186914
Leon Valley,29.4952,-98.6186,93.04,39,1,8.05,US,1632186707
Antonina,-25.4286,-48.7119,85.68,90,3,2.42,BR,1632186914
Mandalgovi,45.7625,106.2708,55.29,65,0,7.61,MN,1632186915
‘Ewa Beach,21.3156,-158.0072,89.55,43,20,12.66,US,1632186915
Mundo Nuevo (Ojo de Agua),18.7,-95.5,82.54,82,97,9.17,MX,1632186916
Talakan,50.3167,130.3667,56.39,59,100,5.3,RU,1632186916
Manyana,-23.4,21.7167,55.8,26,0,12.82,BW,1632186916
Disna,55.568,28.1971,38.71,98,100,9.4,BY,1632186917
Santa Maria da Vitória,-13.3947,-44.1886,80.4,31,33,2.91,BR,1632186917
Padre Bernardo,-15.35,-48.5,80.44,24,6,3.27,BR,1632186918
Kaeo,-35.1,173.7833,62.33,62,4,8.16,NZ,1632186918
Masterton,-40.9597,175.6575,58.5,57,100,13.2,NZ,1632186918
Zliv,49.0661,14.3661,50.09,62,100,0.76,CZ,1632186919
Lubango,-14.9172,13.4925,62.47,46,7,1.57,AO,1632186919
Nome,64.5011,-165.4064,39.27,56,90,19.57,US,1632186920
Tilichiki,60.4667,166.1,46.13,86,100,12.35,RU,1632186920
Paraíso,9.8383,-83.8656,67.06,96,97,2.44,CR,1632186920
San Luis,-33.295,-66.3356,51.91,58,10,11.81,AR,1632186921
Jacksonville,30.3322,-81.6556,78.78,95,75,10.36,US,1632186824
Hervey Bay,-25.2986,152.8535,78.91,41,0,15.88,AU,1632186921
Kalat,29.0225,66.5916,62.69,18,0,1.03,PK,1632186922
Goma,-1.6792,29.2228,62.82,78,8,2.86,CD,1632186922
Sakakah,29.9697,40.2064,80.17,20,0,9.89,SA,1632186923
Arrondissement de Langres,47.8333,5.3333,52.65,94,6,4.7,FR,1632186923
Sergeevka,53.88,67.4158,38.46,81,100,7.7,KZ,1632186923
Primo Tapia,32.22,-116.9172,77.9,71,23,3.69,MX,1632186858
Villazón,-22.0866,-65.5942,46.85,78,100,16.17,BO,1632186924
Cabra,37.4725,-4.4421,60.24,48,0,2.21,ES,1632186924
Makakilo City,21.3469,-158.0858,88.12,43,20,12.66,US,1632186925
Clifton,40.8584,-74.1638,71.04,62,1,8.05,US,1632186925
Russell,32.3502,-85.1999,78.4,88,40,0,US,1632186926
Kushima,31.4583,131.2333,83.71,79,42,4.97,JP,1632186926
Laguna,38.421,-121.4238,91.49,15,1,3.44,US,1632186927
Junín,-34.5838,-60.9433,51.82,80,0,9.57,AR,1632186738
Jaisalmer,26.9147,70.9181,85.05,60,44,14.56,IN,1632186927
Zhigansk,66.7697,123.3711,37.49,65,100,5.01,RU,1632186927
Podor,16.6527,-14.9587,89.26,45,0,13.31,MR,1632186928
Warrnambool,-38.3833,142.4833,52.83,57,21,17.58,AU,1632186928
Namatanai,-3.6667,152.4333,84.58,67,100,4.29,PG,1632186929
Besskorbnaya,44.6447,41.311,57.83,84,34,6.15,RU,1632186929
Rameswaram,9.2833,79.3,83.84,78,86,14.99,IN,1632186929
Barcelona,41.3888,2.159,62.11,77,20,9.22,ES,1632186930
Vuktyl,63.8567,57.3094,35.65,84,100,8.14,RU,1632186930
Kamaishi,39.2667,141.8833,74.35,67,0,11.07,JP,1632186931
Salinas,36.6777,-121.6555,88.61,40,1,9.22,US,1632186823
Santo Domingo,18.5001,-69.9886,78.48,90,11,7.72,DO,1632186890
Aljezur,37.3191,-8.8033,66.25,61,0,7.81,PT,1632186931
Kjøllefjord,70.9457,27.3465,40.41,72,14,20.94,NO,1632186932
São Miguel,-5.4667,-35.3667,75.97,75,33,15.82,BR,1632186674
Muroto-misakicho,33.2833,134.15,80.64,81,70,17.76,JP,1632186932
Ilanskiy,56.2358,96.065,38.5,81,91,9.1,RU,1632186933
Grindavik,63.8424,-22.4338,43.27,87,75,6.91,IS,1632186933
Mana,5.6592,-53.7767,79.38,84,46,8.84,GF,1632186934
Gizo Government Station,-8.103,156.8419,81.34,76,100,4.72,SB,1632186934
Luanda,-8.8368,13.2343,73.4,83,75,9.22,AO,1632186702
Rockland,41.1668,-74.0496,70.05,73,1,4.85,US,1632186935
Sioux Lookout,50.1001,-91.917,52.18,93,90,10.36,CA,1632186935
Meulaboh,4.1363,96.1285,77.41,83,99,1.83,ID,1632186935
Kadoma,34.7333,135.5833,82.45,55,20,9.22,JP,1632186936
Dauphin,51.1494,-100.0502,57.34,58,75,9.22,CA,1632186936
Antibes,43.5624,7.1278,62.08,83,0,10.36,FR,1632186937
Labuhan,-6.8844,112.2051,81.7,71,100,4.68,ID,1632186937
Dukat,62.55,155.55,37.29,98,100,8.3,RU,1632186938
Port Augusta,-32.5,137.7667,57.34,41,8,19.6,AU,1632186938
Nyuksenitsa,60.4128,44.2397,30.06,97,98,4.76,RU,1632186938
Mercedes,-34.6515,-59.4307,51.93,80,0,11.21,AR,1632186939
Jalu,29.0331,21.5482,84,24,0,8.68,LY,1632186939
Rocha,-34.4833,-54.3333,52.43,90,72,15.57,UY,1632186940
Bousso,10.4795,16.7117,73.49,93,100,8.52,TD,1632186940
Miraflores,19.2167,-98.8083,66.85,85,27,4,MX,1632186941
Inongo,-1.95,18.2667,69.8,79,90,4.65,CD,1632186941
Tonota,-21.4833,27.4833,71.01,25,5,5.97,BW,1632186941
Aksay,47.26,39.87,59.22,65,99,2.8,RU,1632186942
Daru,-9.0763,143.2092,78.78,89,100,15.43,PG,1632186942
Chateaubelair,13.2833,-61.25,81.21,73,60,7.76,VC,1632186942
Sochaczew,52.2294,20.2384,43,78,14,8.1,PL,1632186943
Gornopravdinsk,60.05,69.9,34.88,94,100,8.21,RU,1632186943
San Pedro de Ycuamandiyú,-24.0917,-57.0764,85.3,23,19,3.67,PY,1632186944
Kalmunai,7.4167,81.8167,78.94,84,100,8.01,LK,1632186944
Caravelas,-17.7125,-39.2481,72.05,84,5,4.41,BR,1632186944
